Stemmed Ing,Synonyms,Temp
japanes breadcrumb panko,"wheat crumb bread,crumb panko,crumb,bread",hot
crumb bread panko,"wheat crumb bread,crumb panko,crumb,bread",hot
wheat crumb bread panko,"wheat crumb bread,crumb panko,crumb,bread",hot
broth stock chicken veget,"stock veg,stock chicken,meat stock,stock",hot
stock chicken veal,"veal,chiken,meat stock,stock",hot
beef stock veal,"veal,beef,meat stock,stock",hot
gravi veal,"veal,beef,meat stock,stock",hot
stock thanksgiv,"stock turkey,thanksgiv,meat stock,stock",hot
broth chicken veget,"stock turkey,stock chicken,stock veg,stock",hot
broth turkey,"stock turkey,stock chicken,meat stock,stock",hot
broth stock chicken,"stock turkey,stock chicken,meat stock,stock",hot
broth chicken turkey,"stock turkey,stock chicken,meat stock,stock",hot
stock turkey giblet,"stock turkey,stock chicken,meat stock,stock",hot
forturkey stock giblet,"stock turkey,stock chicken,meat stock,stock",hot
stock turkey giblet,"stock turkey,stock chicken,meat stock,stock",hot
stock gizzard turkey,"stock turkey,stock chicken,meat stock,stock",hot
stock turkey,"stock turkey,stock chicken,meat stock,stock",hot
stock turkey giblet,"stock turkey,stock chicken,meat stock,stock",hot
broth stock chicken turkey,"stock turkey,stock chicken,meat stock,stock",hot
stock thai chicken,"thai,stock chicken,meat stock,stock",hot
barbecu sauc tangi,"sauc,sauc barbecu,barbequ,barbecu",cold
toridashi stock,"stock shicken,pork stock,meat stock,stock",hot
caper sea bread salt berri,"salt sea,salt,caper,bread",neutral
salt rub barbecu,"salt rub,salt,barbequ,barbecu",cold
steak marsh rump salt lamb,"lamb salt marsh,steak lamb,lamb,meat",neutral
salt rib kosher veal,"salt,veal,beef,meat",hot
rib veal,"rib,veal,beef,meat",hot
soup noodl chicken ramen,"ramen,soup noodl,soup chicken,soup",hot
pumpkin squash butternut,"pumkin,squash,squash butternut,veg",hot
ham stock,"pork stock,ham stock,meat stock,stock",hot
ham stock,"pork stock,beef stock,meat stock,stock",hot
nontox blackberri rose,"petal,rose,blackberri,berri",neutral
chocol passov cream ice sugar,"passov,sugar,ice,sugar",neutral
oliv pepper thyme salt oil,"oliv oil,pepper,salt,oil",hot
barbecu neeli,"barbecu sauc neeli,sauc barbecu,barbequ,barbecu",cold
barbecu sauc neeli,"barbecu neeli,sauc barbecu,barbequ,barbecu",cold
mint basmati radish rice,"mint,radish,basmati rice,rice",hot
mesa sauc barbecu,"mesa sauc,sauc barbecu,barbequ,barbecu",cold
saltmarsh lamb shoulder,"steak lamb,lamb salt marsh,lamb,meat",neutral
lamb salt marsh,"steak lamb,lamb salt marsh,lamb,meat",neutral
lamb salt marsh rump,"steak lamb,lamb salt marsh,lamb,meat",neutral
beef stock korean,"korean,beef stock,meat stock,stock",hot
sauc barbequ korean,"korean,sauc barbecu,barbequ,barbecu",cold
japanes breadcrumb,"japanes,crumb panko,crumb,bread",hot
crumb panko,"japanes,crumb panko,crumb,bread",hot
japanese-styl crumb bread,"japanes,crumb panko,crumb,bread",hot
kikkoman crumb bread panko,"japanes,crumb panko,crumb,bread",hot
japanese-styl crumb bread panko,"japanes,crumb panko,crumb,bread",hot
japanese-styl breadcrumb,"japanes,crumb panko,crumb,bread",hot
japanes koshian,"japanes,koshian,bean past,past",neutral
indian ale dogfish,"indian,ale,beer,alcohol",cold
sauc honey-ging barbecu,"sauc mustard honey barbecu,mustard honey,sauc barbecu,barbecu",cold
sauc mustard honey barbecu,"mustard honey,sauc barbecu,barbequ,barbecu",cold
sauc honey barbecu,"mustard honey,sauc barbecu,barbequ,barbecu",cold
barbequ honey sauc,"mustard honey,sauc barbecu,barbequ,barbecu",cold
sauc hickori barbecu,"barbequ hickori sauc,sauc barbecu,barbequ,barbecu",cold
barbequ hickori sauc,"sauc hickori barbecu,sauc barbecu,barbequ,barbecu",cold
barbequ hickori sauc,"sauc hickori barbecu,sauc barbecu,barbequ,barbecu",cold
barbecu sauc hickory-flavor,"sauc hickori barbecu,sauc barbecu,barbequ,barbecu",cold
cooki toasted-almond,"cooki,buiscuit,almond,dessert",hot
broth ham,"ham stock,beef stock,meat stock,stock",hot
condens soup french onion,"french,soup onion,soup veg,soup",hot
french soup onion,"french,soup onion,soup veg,soup",hot
grous stock,"stock duck,stock chicken,meat stock,stock",hot
soup cream mushroom,"soup cream,soup cream mushroom,soup veg,soup",hot
soup cream celeri,"soup cream,soup cream celeri,soup veg,soup",hot
soup potato garlic,"soup cream potato,soup garlic,soup veg,soup",hot
cornflak cereal crumb,"cornflak crumb,cornflak,crumb,bread",hot
soup veget,"condens chees cheddar soup,soup veg,chees,soup",hot
pork chines barbecu,"chines,pork chines,sauc barbecu,barbecu",cold
condens soup chicken rice,"chiken,soup rice,soup chicken,soup",hot
soup noodl chicken,"chiken,soup chiken,soup noodl,soup",hot
condens soup cream chicken,"chiken,soup chiken,soup cream,soup",hot
soup cream chicken,"chiken,soup chiken,cream,soup",hot
stock wine chicken,"stock chicken,stock wine,meat stock,stock",hot
stock chicken veget,"stock chicken,meat stock,wine,stock",hot
stock chicken veget,"stock chicken,meat stock,stock veg,stock",hot
meat stock,"stock chicken,beef stock,meat stock,stock",hot
stock chicken gravi,"gravi chicken,stock chicken,meat stock,stock",hot
gravi stock chicken,"gravi chicken,stock chicken,meat stock,stock",hot
broth defat chicken,"broth chicken,stock chicken,meat stock,stock",hot
noodl chicken ramen,"chicken,noodl ramen,meat,noodl",hot
cherri sauc barbecu cola,"cherri sauc barbecu,sauc barbecu,barbequ,barbecu",cold
condens soup cream broccoli,"soup broccoli,soup cream,soup veg,soup",hot
broth,"beef stock,stock chicken,stock veg,stock",hot
broth meat,"beef stock,stock chicken,meat stock,stock",hot
condens beef veget soup,"beef soup,soup veg,soup meat,soup",hot
tomato-bas sauc barbecu,"sauc barbecu,tomato sauc,barbequ,barbecu",cold
soup cream asparagu,"soup asparagu,soup cream,soup veg,soup",hot
asian-styl stock chicken,"stock chicken,meat stock,stock",hot
mushroom pirozhki,"eastern european,piroshki,mushroom",hot
mango-mojito sauc,",sauc mango,sauc",neutral
broth chicken,",stock chicken,stock",hot
wine sauc barbecu,"wine sauc,sauc barbecu,barbecu",cold
blanc chenin,"wine,wine,alcohol",neutral
vietnamese-styl rice noodl,"vietnames,noodl rice,noodl",hot
broth,"broth veget,meat stock,stock",hot
stock powder,"stock veg,meat stock,stock",hot
broth gut-heal,"stock veg,meat stock,stock",hot
mushroom gravi,"gravi veg,stock veg,mushroom",hot
stock veal,"veal,meat stock,stock",hot
cutlet veal,"veal,beef,meat",hot
veal,"veal,beef,meat",hot
veal rose,"veal,beef,meat",hot
escalop veal,"veal,beef,meat",hot
veal rose,"veal,beef,meat",hot
veal,"veal,beef,meat",hot
escalop veal,"veal,beef,meat",hot
cushion veal,"veal,beef,meat",hot
shank veal,"veal,beef,meat",hot
cutlet veal,"veal,beef,meat",hot
joint veal,"veal,beef,meat",hot
scaloppini veal,"veal,beef,meat",hot
shank veal,"veal,beef,meat",hot
shoulder veal,"veal,beef,meat",hot
breast veal,"veal,beef,meat",hot
marrowbon veal,"veal,beef,meat",hot
artagnan veal,"veal,beef,meat",hot
vanilla crumb,"vanilla,crumb,bread",hot
stock turkey,"stock turkey,meat stock,stock",hot
shortcut stock turkey,"stock turkey,meat stock,stock",hot
cupsturkey stock,"stock turkey,meat stock,stock",hot
stock giblet,"stock turkey,meat stock,stock",hot
wing turkey,"turkey,bird,meat",hot
turkey minc,"turkey,bird,meat",neutral
chees tortelloni,"tortellini,pasta,chees",hot
tomato pure no-salt,"pure tomato,tomato sauc,veg",neutral
soup tomato,"soup tomato,soup veg,soup",hot
condens soup tomato,"soup tomato,soup veg,soup",hot
condens soup cream tomato,"soup tomato,soup cream,soup",hot
shell,"prawn tiger,prawn,shellfish",neutral
soup tamarind,"tamarind,soup veg,soup",hot
stock sweetbread,"sweetbread,bread,stock",hot
swedish punch,"swedish,punch,alcohol",hot
beef sirloin,"steak,beef,meet",hot
zucchini squash,"squash,zucchini,veg",neutral
spaghetti squash,"squash,spaghetti,pasta",hot
seed squash,"squash,seed,",hot
squash onion,"squash,onion,veg",hot
dumpl squash,"squash,dumpl,veg",hot
squash tromboncino,"squash,squash butternut,veg",hot
kabocha squash acorn,"squash,squash butternut,veg",hot
pumpkin squash onion,"squash,squash butternut,veg",hot
squash orang,"squash,squash butternut,veg",hot
pumpkin squash,"squash,squash butternut,veg",hot
squash blossom,"squash,squash butternut,veg",hot
squash chayot,"squash,squash butternut,veg",hot
hubbard squash,"squash,squash butternut,veg",hot
crookneck squash,"squash,squash butternut,veg",hot
squash delicata,"squash,squash butternut,veg",hot
kabocha squash,"squash,squash butternut,veg",hot
squash calabaza,"squash,squash butternut,veg",hot
squash butternut noodl,"squash,squash butternut,noodl",hot
prunel,"sloe gin,gin,alcohol",neutral
condens soup cream shrimp,"soup shrimp,soup fish,soup",hot
stock crab,"stock shellfish,stock fish,stock",hot
stock shellfish,"stock shellfish,stock fish,stock",hot
stock shrimp,"stock shellfish,stock fish,stock",hot
seafood stock,"stock shellfish,stock fish,stock",hot
powder fish-broth,"stock shellfish,stock fish,stock",hot
broth clam,"stock shellfish,stock fish,stock",hot
broth seafood,"stock shellfish,stock fish,stock",hot
broth fish,"stock shellfish,stock fish,stock",hot
coconut-clam stock,"stock shellfish,stock fish,stock",hot
stock lobster,"stock shellfish,stock fish,stock",hot
stock sanuki sea,"stock shellfish,stock fish,stock",hot
italian sausag chicken turkey,"sausag,turkey,meat",hot
pork meat sausag,"sausag,pork,meat",hot
pork sausag,"sausag,pork,meat",hot
salt tomato,"salt,tomato,veg",neutral
pork salt gener kosher,"salt,pork,meat",neutral
salt shallot,"salt,onion,veg",neutral
broth salt chicken,"salt,stock chicken,stock",hot
salt caper,"salt,caper,veg",neutral
banana russian,"russian,banana,fruit",neutral
roe salmon trout,"roe,roe trout,seafood",cold
mascarpon,"ricotta,chees,chees",cold
rice noodl egg,"noodl rice,noodl egg,noodl",hot
pork rib,"rib,pork,meat",hot
soup raspberri jam,"raspberri jam,jam,soup",hot
pumpkin squash butternut,"pumkin,squash,veg",hot
onion powder,"powder,,onion",hot
pork salt,"pork,salt,meat",neutral
sea pistachio salt mesclun oil,"pistachio oil,salt,oil",neutral
soup pepper spice,"soup pepper,soup veg,soup",hot
salt pepper sea black,"pepper,salt sea,salt",neutral
italian season,"parsley,oregano,",hot
chees parmesan,"parmesan,chees,chees",neutral
kidney ox,"organ meat,meat ox,beef",hot
pate,"organ meat,meat past,meat",cold
juic frozenang,"juic oreng,juic,ice",cold
soup cream onion,"soup onion,soup veg,soup",hot
beef onion soup,"soup onion,soup meat,soup",hot
allspic,"nutmeg,cinnamon,",hot
seed mustard black,"mustard,seed,",neutral
broth mushroom,"mushroom stock,soup veg,stock",hot
soup cream mushroom,"soup mushroom,soup veg,soup",hot
condens soup cream mushroom,"soup mushroom,soup veg,soup",hot
condens soup mushroom,"soup mushroom,soup veg,soup",hot
condens mushroom garlic soup cream,"soup mushroom,soup veg,soup",hot
soup tomato mexican,"mexican,soup tomato,soup",hot
squash mexican,"mexican,squash,veg",hot
stock,"meat stock,stock veg,stock",hot
chees marscapon,"marscapon,chees,chees",neutral
lemon jell-o,"lemon jelli,jell-o,jelli",cold
soup lemon,"lemon,soup veg,soup",hot
orang lemon,"lemon,orang,citru",neutral
passion latin fruit,"latin,passion fruit,fruit",neutral
stock mutton,"stock lamb,meat stock,stock",hot
stock mutton lamb,"stock lamb,meat stock,stock",hot
pasta korean noodl wheat-flour form,"korean,wheat noodl,noodl",hot
wheat japanes noodl ramen,"japanes,wheat noodl,noodl",hot
stock dashi,"japanes,stock veg,stock",hot
progresso crumb bread panko,"japanes,crumb,bread",hot
jamaica rum,"jamaican,rum,alcohol",neutral
isra pasta couscou,"isra,couscou,pasta",hot
stout beer irish,"irish,beer,alcohol",cold
iranian reshtey noodl,"iranian,reshtey noodl,noodl",hot
indian coconut milk,"indian,coconut milk,milk",neutral
pork stock,"ham stock,meat stock,stock",hot
ham hock stock,"ham stock,meat stock,stock",hot
pork broth,"ham stock,meat stock,stock",hot
ham meat stock,"ham stock,meat stock,stock",hot
haddock cod,"haddock,cod,fish",neutral
game stock chicken veget,"game stock,stock veg,stock",hot
fruit raspberri jam,"fruit jam,jam,spread",cold
noodl rice stir-fri,"noodl,noodl rice,noodl",hot
lasagn noodl egg barilla,"noodl egg,noodl lasagn,noodl",hot
blue-chees dress,"dress,chees blue,chees",hot
dessert wine,"dessert,wine,wine",neutral
dry-cur sausag,"sausag,meat",neutral
sourdough breadcrumb,"sourdough,bread",hot
sourdough breadcrumb bread,"sourdough,bread",hot
cooki gingersnap crumb,"cooki,biscuit",hot
soup cream celeri,"soup veg,soup",hot
condens soup cream potato,"soup cream,soup",hot
soup mushroom,"soup veg,soup",hot
progresso veget soup mushroom classic,"soup veg,soup",hot
cornflak crumb,"crumb,bread",hot
kellogg crumb bread corn,"crumb,bread",hot
condens chees nacho soup,"chees,soup",hot
chees condens soup cream cheddar,"chees,soup",hot
chees cheddar soup,"chees,soup",hot
sauc coffe barbecu,"sauc barbecu,barbecu",cold
crumb,"crumb,bread",hot
crumb ciabatta,"crumb,bread",hot
coffe chocolate-almond bean,"bean coffe,chocol",neutral
past chipotl chilli,"past chilli,",neutral
wheat noodl chines,"wheat noodl,noodl",hot
noodl egg chines,"noodl egg,noodl",hot
sauc chines barbecu,"sauc barbecu,barbecu",cold
bean kidney chilli sauc,"bean kidney,sauc",neutral
game stock,"meat stock,stock",hot
condens soup gumbo chicken,"soup chicken,soup",hot
stock wine chicken,"wine,stock",hot
syrup stock,"syrup,stock",hot
stock chicken,"meat stock,stock",hot
stock chicken,"meat stock,stock",hot
stock pigeon,"meat stock,stock",hot
stock chick,"meat stock,stock",hot
broth swanson chicken,"meat stock,stock",hot
condens broth chicken,"meat stock,stock",hot
stock swanson chicken,"meat stock,stock",hot
broth stock chicken,"meat stock,stock",hot
stock chicken,"meat stock,stock",hot
faux stock chicken,"meat stock,stock",hot
poultri stock,"meat stock,stock",hot
stock chicken,"meat stock,stock",hot
stock wing,"meat stock,stock",hot
stock duck,"meat stock,stock",hot
stock leftover-roast-chicken chicken,"meat stock,stock",hot
broth roasted-garl chicken,"meat stock,stock",hot
stock chicken nonya,"meat stock,stock",hot
stock fish chicken,"stock fish,stock",hot
broth stock chicken veget,"stock veg,stock",hot
butternut squash,"squash,veg",hot
butter salt pepper black,"pepper,salt",neutral
brioch breadcrumb,"crumb,bread",hot
chees telem franklin,"chees,chees",cold
beef stock,"meat stock,stock",hot
beef stock,"meat stock,stock",hot
beef stock,"meat stock,stock",hot
broth beef swanson,"meat stock,stock",hot
beef stock swanson,"meat stock,stock",hot
broth beef stock,"meat stock,stock",hot
barbecu,"barbequ,barbecu",cold
bean soup black,"soup veg,soup",hot
eastern barberri,"fruit,berri",cold
niku sauc yaki barbecu,"sauc barbecu,barbecu",cold
barbequ sauc,"sauc barbecu,barbecu",cold
barbequ rub spice,"sauc barbecu,barbecu",cold
barbequ sauc hickori smoke,"sauc barbecu,barbecu",cold
barbequ,"sauc barbecu,barbecu",cold
sauc barbecu,"barbequ,barbecu",cold
chipotle-cherri sauc barbecu,"barbequ,barbecu",cold
barbecu sauc wrangler smoke,"barbequ,barbecu",cold
beer barbecu sauc root,"barbequ,barbecu",cold
pruitt sauc virginia barbecu,"barbequ,barbecu",cold
cherri sauc barbecu,"barbequ,barbecu",cold
broncbust sauc barbecu,"barbequ,barbecu",cold
lexington-styl sauc barbecu,"barbequ,barbecu",cold
sauc,"barbequ sauc,barbevu",neutral
cream,milk,cold
yam root,potato,hot
yam puna,potato,neutral
vinegar wine rice,vinegar,neutral
bread whole-graini,bread,neutral
gri pinot,wine,neutral
scotch whiski single-malt,alcohol,neutral
whiskey bourbon,alcohol,neutral
buckwheat noodl,noodl,hot
wheat flour shi noodl,noodl,hot
wheat shi noodl,noodl,hot
wheat noodl lasagna,noodl,hot
buckwheat noodl soba,noodl,hot
spelt flour,flour,neutral
vanilla vodka,alcohol,neutral
vodka citron,alcohol,neutral
pepper vodka,alcohol,neutral
stock veget,stock,hot
mushroom stock,stock,hot
stock powder veget,stock,hot
litresl stock veget,stock,hot
patti stock veget,stock,hot
stock vegtabl,stock,hot
stock veg,stock,hot
broth veget,stock,hot
broth bean,stock,hot
broth veggi,stock,hot
mushroom stock veget,stock,hot
broth bouillon veget,stock,hot
broth veget oil high-heat,stock,hot
broth imagin veget,stock,hot
soup onion,soup,hot
soup tomato,soup,hot
soup leek,soup,hot
soup garlic,soup,hot
condens soup veget,soup,hot
veget salt kosher,salt,neutral
cherri ice vanilla cream,ice cream,cold
udon noodl,noodl,hot
udon noodl rice,noodl,hot
turkey honey-roast,meat,hot
turkey giblet,meat,neutral
turkey,meat,neutral
fish tuna,fish,neutral
tuna,fish,cold
catsup tomato,tomato sauc,neutral
beef tomato plum,veg,neutral
fettuccini noodl,noodl,hot
pearl tapioca,grain,hot
pearl tapioca,grain,neutral
stock veget,stock,hot
loosen soup stock,stock,hot
seedpod spice,spice,hot
squash straight-neck,veg,hot
squash butternut,veg,hot
squash acorn,veg,hot
vodka,alcohol,neutral
sake,alcohol,neutral
rocket,salad,cold
paprika,,hot
tagliatel pasta,pasta,hot
soy salt sauc,sauc,neutral
sourdough bread,bread,neutral
soda bread,bread,neutral
soup tomato,tomato,hot
coffe filter,chees,hot
devein,seafood,neutral
cooki crumb shortbread,biscuit,hot
pud rice,rice,hot
haiga rice,rice,hot
risotto rice,rice,neutral
stock fish,stock,hot
meat lobster,seafood,hot
seed sesam black,,neutral
pumpkin-se,,neutral
nori,seafood,cold
mussel,seafood,cold
salt sprinkl sea,salt,neutral
pud black,meat,hot
meat sausag,meat,hot
cracker saltin crumb,cracker,hot
wheat saltin cracker,cracker,neutral
salt pasta kosher,pasta,hot
vinegar salt,vinegar,neutral
salt flour,flour,neutral
scotia nova salmon,fish,neutral
sushi salmon,fish,cold
feta,chees,cold
cucumb,veg,neutral
salad garnishessalt,salt,neutral
rum vanilla,alcohol,neutral
rum bank,alcohol,neutral
herb rosemari,herb,hot
petal,flower,neutral
caviar trout,seafood,cold
risotto mushroom,rice,hot
noodl rice,noodl,hot
vermicelli noodl rice,noodl,hot
mung bean vermicelli noodl rice,noodl,hot
vermicelli noodl rice,noodl,hot
spaghetti-styl noodl rice,noodl,hot
noodl rice,noodl,hot
thai noodl rice,noodl,hot
thai noodl rice,noodl,hot
flour brown-ric,flour,neutral
barbera,wine,cold
noodl ramen,noodl,hot
orient noodl ramen,noodl,hot
prawn,shellfish,neutral
asafoetida,,neutral
malted-milk powder,milk,neutral
bacon,meat,hot
pork,meat,hot
pork chines barbecu,barbecu,cold
ice-pop,ice cream,cold
pop ice,ice cream,cold
ice orang,ice cream,cold
noodl kluski,noodl,hot
cornmeal,flour,neutral
prune jam,jam,neutral
cherri pepper pickl,pickl,neutral
pearl onion pickl,pickl,neutral
quick-pickl carrot,pickl,neutral
pepper,,hot
peppermil black,,hot
green pepper,veg,neutral
salt pepper,salt,neutral
pear anjou,fruit,neutral
peach,fruit,neutral
soup pasta,soup,hot
dill,herb,hot
juic orang,juic,neutral
soup onion,soup,hot
shallot,veg,neutral
oil-flavor oliv spray,oil,hot
olive-oil spray,oil,hot
butter europeanstyl,butter,hot
oat porridg,breakfast,hot
lamb,meat,hot
mutard dijon,,hot
mustard sauc,sauc,hot
cow mozzarella,chees,neutral
oil cbd,oil,neutral
beef stock,stock,hot
stock chicken,stock,hot
stock lamb,stock,hot
stock giblet,stock,hot
broth chicken,stock,hot
lung stock,stock,hot
broth beef,stock,hot
stock giblet,stock,hot
broth giblet,stock,hot
broth gizzard giblet,stock,hot
beef soup,soup,hot
mayonnais,sauc,neutral
marshmallow sugar,sugar,neutral
margarin soft-tub,butter,hot
sauc ginger-mango,sauc,neutral
malden salt,salt,neutral
maldon salt,salt,neutral
noodl lo mein,noodl,hot
calamansi lime,citru,neutral
verbena lemon,herb,neutral
zest lemon,citru,hot
ssupermarket blossom lavend,extract,neutral
noodl lasagna,noodl,hot
lasagn noodl barilla,noodl,hot
lard oil veget,oil,hot
mutton,meat,hot
jerk marinad barbecu,sauc barbecu,cold
miso past,soup,hot
noodl soba,noodl,hot
udon japanes noodl,noodl,hot
yakisoba noodl,noodl,hot
japanes pickl,pickl,neutral
japanes fish,fish,neutral
sev,noodl,hot
tabasco,sauc,hot
syrup honey,syrup,neutral
sweetcorn homini,bean,hot
orang tea spice,tea,hot
salt celeri,salt,neutral
salt garlic,salt,neutral
jalapeno salt,salt,neutral
herb salt,salt,neutral
sriracha salt,salt,neutral
parsley salt garlic,salt,neutral
chees garlic-herb,chees,neutral
bay,,hot
forest ham black,meat,hot
haddock fish,fish,neutral
grapese lemon-infus oil,oil,hot
pink-grapefruit,cirtu,neutral
goat milk,milk,neutral
noodl cellophan,noodl,hot
hendrick gin,alcohol,neutral
salt garlic island spice,salt,neutral
fri,potato,hot
palabok noodl,noodl,hot
nasturtium,herb,neutral
flatbread,bread,neutral
stock crayfish,stock,hot
prawn stock,stock,hot
stock fish,stock,hot
stock gallonfish,stock,hot
fish stockfish,stock,hot
finnish bread,bread,neutral
chees feta goat milk,chees,neutral
fennel,herb,neutral
noodl nest egg,noodl,hot
noodl nest egg,noodl,hot
noodl yolk,noodl,hot
noodl egg,noodl,hot
earl teabag,tea,hot
barberri,berri,cold
sauc barbecu,barbecu,cold
bread danish,bread,neutral
ham prosciutto,meat,neutral
ham parma,meat,neutral
prosciutto,meat,neutral
zucchini,veg,neutral
cooki chocol crumb,chocol,hot
chocol crumb,chocol,hot
japanes breadcrumb panko,bread,hot
breadcrumb panko,bread,hot
brioch crumb,bread,hot
breadcrumb ciabatta,bread,hot
crumb bread,bread,hot
italian crumb bread,bread,hot
herb crumb bread,bread,hot
cracker graham crumb,bread,hot
italian-season crumb bread,bread,hot
cracker crumb,bread,hot
italian gluten crumb bread,bread,hot
cracker graham chocol crumb,bread,hot
progresso crumb bread,bread,hot
wheat crumb bread,bread,hot
butteri crumb cracker,bread,hot
wheat breadcrumb,bread,hot
sandwich cooki chocol crumb,bread,hot
crumb corn,bread,hot
crumb crouton,bread,hot
italian-season breadcrumb,bread,hot
breadcrumb bread,bread,hot
french breadcrumb bread,bread,hot
crumb corn-bread,bread,hot
biscuit crumb,biscuit,hot
breadcrumb,bread,neutral
crisp potato,potato,hot
dorito,potato,neutral
cream clot,dairi,neutral
condens soup cream celeri,soup,hot
courgett green,veg,hot
polenta,flour,hot
grit,breakfast,hot
cornbread just-add-wat,bread,neutral
coriand seed,,hot
salt cod,fish,neutral
salt-cod,fish,neutral
whitefish cod,fish,neutral
clam juic,shellfish,cold
cider irish,alcohol,neutral
blossom chive,herb,neutral
chines wine shaox,wine,neutral
noodl chines,noodl,hot
noodl chinese-styl,noodl,hot
chicken,meat,hot
breast chicken duck,meat,hot
broth parmesan,stock,hot
chees butternut squash pumpkin,veg,hot
condens chees cheddar soup,soup,hot
cheddar american,chees,neutral
indian chaat masala spice,,hot
puff cocoa,breakfast,cold
rice-crisp cereal,grain,cold
exot caramel sauc,sauc,neutral
bean cannellini,lentil,hot
spout brussel,veg,hot
cabbag green,veg,neutral
cabbag chines,salad,neutral
cabbag savoy,salad,neutral
bun hamburg,bread,neutral
demerara sugar,sugar,neutral
cauliflow,veg,hot
brandi blackberri,alcohol,neutral
bitter peach,alcohol,neutral
bbq guin sauc,sauc,hot
cider,alcohol,neutral
beer pilsner-styl budweis,alcohol,neutral
stout guin,alcohol,neutral
stock garlic-beef,stock,hot
beef minc,meat,hot
beef tri-tip,meat,hot
beef salt,meat,neutral
cow,milk,neutral
bean salt,salt,neutral
bean thread coil noodl,noodl,hot
herb basil,herb,neutral
barley hull-less,grain,hot
barley black,grain,hot
barbecu sauc bourbon,barbecu,cold
barbequ rub,barbecu,cold
lardon pancetta,meat,hot
bacon lardon,meat,hot
smoki bacon,meat,hot
syrup orgeat almond,syrup,neutral
toasted-coconut almond milk,milk,neutral
yeast active-dri,yeast,hot
veget,stock veg,hot
carrot,veg,hot
potato,veg,hot
veget,veg,hot
leek,veg,hot
veget mediterranean,veg,hot
squash,veg,hot
tortilla corn,tortilla,hot
pumpkin,squash,hot
poppy-se,seed,hot
garlic,,hot
chaat masala,,hot
ginger root,,hot
saffron,,hot
turmer,,hot
thyme,,hot
vanilla,,hot
cardamom,,hot
curri powder,,hot
ginger,,hot
lobster,seafood,hot
italian sausag,sausag,hot
pepper sauc,sauc,hot
hollandais sauc,sauc,hot
herb salt,salt,hot
salt kosher sea,salt,hot
basmati rice,rice,hot
basmati grain rice,rice,hot
jasmin rice,rice,hot
cauliflow rice,rice,hot
rice egyptian,rice,hot
yam,potato,hot
chip,potato,hot
red-skin fingerl,potato,hot
crust chocolate-cooki pie,pie,hot
filo,,hot
elbow pasta,pasta,hot
tube-shap pasta,pasta,hot
oliv oil,oil,hot
sunflow oil,oil,hot
oil,oil,hot
oil veget,oil,hot
rapese oil,oil,hot
butter oil veget,oil,hot
spray sunflow oil,oil,hot
oliv oil spray,oil,hot
spray oil,oil,hot
garlic-infus oil,oil,hot
bran oil rice,oil,hot
mazola oil veget,oil,hot
sichuan oil chili,oil,hot
screen oil,oil,hot
bell oliv pepper garlic oil,oil,hot
oil stir-fri,oil,hot
noodl egg,noodl,hot
noodl nest,noodl,hot
wheat noodl,noodl,hot
vermicelli noodl,noodl,hot
somen noodl,noodl,hot
bean thread noodl,noodl,hot
thai noodl,noodl,hot
shirataki noodl,noodl,hot
chow noodl mein,noodl,hot
noodl fettuccin,noodl,hot
chicken-flavor noodl ramen,noodl,hot
thai-styl rice noodl,noodl,hot
noodl rice mai,noodl,hot
noodl lasagn,noodl,hot
shirataki noodl fettuccin,noodl,hot
ribbon-styl noodl,noodl,hot
noodl tofu,noodl,hot
portobellini mushroom,mushroom,hot
mushroom porcini,mushroom,hot
chickpea,lentil,hot
coriand,herb,hot
oregano,herb,hot
herb italian,herb,hot
pasley,herb,hot
spelt grain,grain,hot
barley,grain,hot
ginger,ginger,hot
cornflour,flour,hot
flour rice,flour,hot
french flour,flour,hot
california flour,flour,hot
oven-to-t fish bake,fish,hot
christma,event,hot
pancak,event,hot
egg yolk,egg,hot
egg,egg,hot
squash,drink,hot
curri powder madra,curri powder,hot
french,,hot
welsh,,hot
irish,,hot
scottish,,hot
turkish coffe,coffe,hot
halloumi,chees,hot
chees blue gorgonzola,chees,hot
margarin,butter,hot
punch,alcohol,hot
chilli,,hot
lard,,hot
powder bake,,hot
herb,,hot
vinegar,,hot
rice,,hot
pasta,,hot
lentil,,hot
stock,,hot
extract,,hot
noodl,,hot
custard,,hot
gravi,,hot
greek-styl yoghurt,yoghurt,neutral
wine beaujolai,wine,neutral
beeswax,wax,neutral
vinegar cider,vinegar,neutral
tomato,veg,neutral
onion,veg,neutral
celeri,veg,neutral
onion,veg,neutral
mushroom,veg,neutral
aubergin,veg,neutral
bamboo,veg,neutral
beef tomato,tomato,neutral
tomato hunt,tomato,neutral
tomato petite-cut,tomato,neutral
latin green veget tomato-lik american husk,tomato,neutral
teriyaki-flavor tofu,tofu,neutral
earl tea,tea,neutral
tea black,tea,neutral
green tea,tea,neutral
syrup jalapeno-infus,syrup,neutral
ice sugar,sugar,neutral
vanilla sugar,sugar,neutral
honey,spread,neutral
spanisht,spanish,neutral
bay,,neutral
orang blossom,,neutral
squid,seafood,neutral
seafood northwest,seafood,neutral
raspberri sauc,sauc,neutral
salt sea,salt,neutral
maldon salt sea,salt,neutral
salt sea,salt,neutral
salt onion,salt,neutral
saltfish,salt,neutral
salt black,salt,neutral
de sel sea salt fleur,salt,neutral
salt himalayan,salt,neutral
salt pepper black,salt,neutral
sea-salt,salt,neutral
salt kosher,salt,neutral
salt cure,salt,neutral
salt pickl,salt,neutral
salt margarita,salt,neutral
salt sea,salt,neutral
celtic salt sea,salt,neutral
salt lite,salt,neutral
salt,salt,neutral
salt sea island spice,salt,neutral
salt hawaiian sea,salt,neutral
salt pretzel,salt,neutral
salt himalayan sea,salt,neutral
de sel sea gray salt fleur,salt,neutral
salt,salt,neutral
anchovi salt,salt,neutral
salt solar korean,salt,neutral
salt platter,salt,neutral
spinach,salad,neutral
onion pickl,pickl,neutral
ginger pickl,pickl,neutral
branston pickl,pickl,neutral
short-crust,,neutral
hollow pasta,pasta,neutral
sesam oil,oil,neutral
coconut oil,oil,neutral
oliv oil tuna,oil,neutral
anchovi oil,oil,neutral
groundnut oil,oil,neutral
oil deep-dri veget,oil,neutral
nut cashew,nut,neutral
nut brazil,nut,neutral
almond,nut,neutral
peanut,nut,neutral
hazelnut,nut,neutral
cinnamon mushroom,mushroom,neutral
coconut milk,milk,neutral
almond milk,milk,neutral
chicken,meat,neutral
mint,herb,neutral
chive,herb,neutral
pear,fruit,neutral
plum,fruit,neutral
appl granni smith,fruit,neutral
peach,fruit,neutral
banana,fruit,neutral
flour,flour,neutral
self-rais flour,flour,neutral
flour bread,flour,neutral
soy flour,flour,neutral
pea flour,flour,neutral
flour-sack,flour,neutral
flour wondra,flour,neutral
trout,fish,neutral
salmon,fish,neutral
hake,fish,neutral
fish salt,fish,neutral
monkfish,fish,neutral
crayfish,fish,neutral
bass,fish,neutral
plaic,fish,neutral
pollock,fish,neutral
filet fish,fish,neutral
porgi,fish,neutral
white-fleshed-fish,fish,neutral
vanilla extract,extract,neutral
almond extract,extract,neutral
easter,event,neutral
chicken egg,egg,neutral
egg,egg,neutral
egg,egg,neutral
egg yolk,egg,neutral
white egg,egg,neutral
egg yolk,egg,neutral
eggwash,egg,neutral
eggshel,egg,neutral
egg yolk-fre white,egg,neutral
protein,,neutral
gluten,,neutral
glitter,,neutral
blue color,,neutral
mexican,,neutral
italian,,neutral
thai,,neutral
african,,neutral
belgian,,neutral
danish,,neutral
cracker saltin,cracker,neutral
coffe powder,coffe,neutral
coffe black,coffe,neutral
coffe demitass,coffe,neutral
coconut,coconut,neutral
lemon,citru,neutral
lime,citru,neutral
lemon,citru,neutral
orang,citru,neutral
juic lemon,citri,neutral
chip chocol,chocol,neutral
chip white-chocol,chocol,neutral
cheddar,chees,neutral
chees parmesan,chees,neutral
parmesan,chees,neutral
ricotta,chees,neutral
chees cheddar,chees,neutral
mozzarella,chees,neutral
chees crottin goat,chees,neutral
chees mozzarella,chees,neutral
chees cream onion,chees,neutral
chees asiago fresco,chees,neutral
arla muenster chees,chees,neutral
paes chees bel,chees,neutral
chees cantal,chees,neutral
greek feta viko mt,chees,neutral
green melt candi,candi,neutral
flatbread,bread,neutral
bun,bread,neutral
sourbread,bread,neutral
pita,bread,neutral
loav,bread,neutral
oat-nut bread,bread,neutral
rosemari bread,bread,neutral
bread country-style-french,bread,neutral
shortbread,biscuit,neutral
raspberri,berri,neutral
strawberri,berri,neutral
blueberri,berri,neutral
bbq,barbequ,neutral
appl bramley,appl,neutral
appl gala,appl,neutral
wine,alcohol,neutral
bitter,alcohol,neutral
pepper black,,neutral
salt,,neutral
soda bicarbon,,neutral
sugar,,neutral
butter,,neutral
tomato,,neutral
citru,,neutral
milk,,neutral
jam,,neutral
juic,,neutral
chorizo,,neutral
syrup,,neutral
nut,,neutral
appl,,neutral
chees,,neutral
yeast,,neutral
berri,,neutral
indian,,neutral
wax,,neutral
russian,,neutral
soup veget,soup,hot
soup,soup,hot
cocoa powder,,hot
tea,,hot
vinegar sushi,vinegar,cold
prawn,seafood,cold
shrimp,seafood,cold
tentacl,seafood,cold
radish pickl,pickl,cold
pimiento-stuf oliv,oliv,cold
oliv tapenad black,oliv,cold
coffe coldbrew,coffe,cold
chees feta,chees,cold
chees goat,chees,cold
yoghurt,,cold
pickl,,cold
roe,seafood,cold
gelatin,jelli,cold
jell-o lime,jelli,cold
jell-o,jelli,cold
guava jelli,jelli,cold
ice vanilla cream,ice cream,cold
ice cream dome,ice cream,cold
ice salt cream,ice cream,cold
ice cream bourbon,ice cream,cold
ice cream,dessert,cold
chees cottag,chees,cold
chees cream,chees,cold
chees feta,chees,cold
ale,alcohol,cold
ice,,cold
caciotta tuscan,chees,neutral
raspberri honey,honey,neutral
taco corn,taco,hot
no-salt,,neutral
veggi,veg,neutral
isra,,neutral
egg yolk,egg,neutral
tea darjeel,tea,neutral
